{"cameraMode":{"drawMode":0,"name":"Shaded","section":"Shading Mode"},"sceneLighting":false,"audioPlay":false,"sceneViewState":{"m_AlwaysRefresh":false,"showFog":true,"showSkybox":false,"showFlares":true,"showImageEffects":true,"showParticleSystems":true,"showVisualEffectGraphs":true,"m_FxEnabled":false},"in2DMode":false,"pivot":{"x":-0.2325442135334015,"y":1.8196626901626588,"z":0.02534494549036026},"rotation":{"x":-0.07098212093114853,"y":0.9280450940132141,"z":-0.28078776597976687,"w":-0.23450830578804017},"size":0.4728929400444031,"orthographic":false}