{"cameraMode":{"drawMode":0,"name":"Shaded","section":"Shading Mode"},"sceneLighting":true,"audioPlay":false,"sceneViewState":{"m_AlwaysRefresh":false,"showFog":true,"showSkybox":true,"showFlares":true,"showImageEffects":true,"showParticleSystems":true,"showVisualEffectGraphs":true,"m_FxEnabled":false},"in2DMode":false,"pivot":{"x":0.17124353349208833,"y":-1.0323907136917115,"z":2.5490927696228029},"rotation":{"x":0.06268700957298279,"y":0.05118991807103157,"z":-0.00326488702557981,"w":0.9967776536941528},"size":1.9274308681488038,"orthographic":false}